miRNA1,miRNA2,TF,Target,ModeOfRegulation,TwoVar_mirna1_tf,TwoVar_mirna2_tf,mirna1mirna2_tf,TwoVar_mirna1_target,TwoVar_mirna2_target,mirna1mirna2_target
hsa-mir-9-3p,hsa-mir-96-5p,4790,597,1,0.009,0.0075,0.496,0.4035,0.0725,0.0065
hsa-mir-200a-3p,hsa-mir-429,8202,4734,1,0.0055,0.004,0.0005,0.0135,0.061,0.001
hsa-mir-200a-3p,hsa-mir-429,8202,11011,1,0.0055,0.004,0.0005,0.083,0.119,0.003
hsa-mir-203a-3p,hsa-mir-455-3p,6935,3691,-1,0,0,0.0045,0.066,0.016,0.002
hsa-mir-192-5p,hsa-mir-429,8202,4734,1,0,0.001,0.051,0.1765,0.0675,0.0045
hsa-mir-192-5p,hsa-mir-429,8202,11011,1,0,0.001,0.051,0.0235,0.132,0.0095
hsa-mir-144-3p,hsa-mir-455-3p,6935,9524,-1,0.006,0,0.55,0.0165,0.014,0.0045
hsa-mir-182-5p,hsa-mir-192-5p,2099,654,1,0.002,0.001,0.0345,0.0195,0.044,0.0095
hsa-mir-100-5p,hsa-mir-152-3p,51341,3911,-1,0.0045,0.002,0.11,0.1225,0.146,0.0005
hsa-mir-17-5p,hsa-mir-92a-1-5p,4205,54828,1,0.001,0.0055,0.3335,0.0135,0.4055,0.008
hsa-mir-192-5p,hsa-mir-338-5p,2099,654,1,0.0005,0,0,0.046,0.6145,0.0015
hsa-mir-192-5p,hsa-mir-338-5p,2099,5241,1,0.0005,0,0,0.05,0.191,0.0015
hsa-mir-192-5p,hsa-mir-338-5p,2099,2308,1,0.0005,0,0,0.2235,0.2125,0.0045
hsa-mir-200b-3p,hsa-mir-215-5p,8202,4734,1,0.001,0,0.4,0.075,0.3485,0.007
hsa-mir-130b-5p,hsa-mir-210-3p,5452,3567,1,0.0035,0.0005,0.14,0.071,0.028,0.0045
hsa-mir-17-5p,hsa-mir-18a-5p,6774,7538,1,0,0.0005,0.003,0.0205,0.0455,0.0075
hsa-mir-18a-5p,hsa-mir-301b-3p,6774,1154,1,0,0,0.031,0.363,0.027,0.0045
hsa-mir-106b-5p,hsa-mir-940,6774,2099,1,0.001,0.002,0.394,0.152,0.2975,0.007
hsa-mir-33a-5p,hsa-mir-9-5p,27086,8667,-1,0,0,0.047,0.1565,0.322,0.0035
hsa-mir-17-5p,hsa-mir-335-3p,2099,2192,1,0,0,0.1155,0.0245,0.0225,0.002
hsa-mir-192-5p,hsa-mir-200b-3p,8202,4734,1,0,0.001,0.39,0.1695,0.072,0.005
hsa-mir-203a-3p,hsa-mir-96-5p,6935,1468,-1,0,0,0,0.259,0.0515,0.0085
hsa-mir-130b-3p,hsa-mir-17-5p,2099,388677,1,0,0.0015,0.1145,0.037,0.099,0.004
hsa-mir-200b-3p,hsa-mir-33a-3p,6925,7225,1,0.001,0,0.008,0.8685,0.0245,0.0045
hsa-mir-200b-3p,hsa-mir-33a-3p,6925,27233,1,0.001,0,0.008,0.035,0.0555,0.007
hsa-mir-215-5p,hsa-mir-429,8202,4734,1,0,0.0005,0.044,0.327,0.0545,0.001
hsa-mir-130b-3p,hsa-mir-335-3p,2099,6543,1,0,0,0.189,0.5605,0.1325,0.0085
hsa-mir-17-5p,hsa-mir-301b-3p,6774,1154,1,0,0,0.119,0.0825,0.0285,0.004
hsa-mir-532-3p,hsa-mir-625-5p,4782,7980,1,0,0.0005,0.755,0.017,0.0295,0.004
hsa-mir-17-5p,hsa-mir-301b-3p,2099,388677,1,0.001,0.005,0.0005,0.1095,0.0715,0.0055
hsa-mir-200a-3p,hsa-mir-200b-3p,6925,23301,1,0.004,0.0035,0.029,0.021,0.026,0.006
hsa-mir-192-5p,hsa-mir-335-3p,2099,1393,1,0.0005,0,0.036,0.015,0.214,0.0035
hsa-mir-335-3p,hsa-mir-532-3p,4782,7980,1,0.0005,0,0.256,0.1365,0.0105,0.009
hsa-mir-149-5p,hsa-mir-199a-5p,2114,1081,1,0.0045,0.007,0.081,0.0265,0.5825,0.009
hsa-mir-200a-3p,hsa-mir-215-5p,861,3689,1,0,0,0.4135,0.069,0.1565,0.0035
hsa-mir-200a-3p,hsa-mir-33a-3p,6925,27233,1,0.0025,0,0.0115,0.0255,0.044,0.006
hsa-mir-200a-3p,hsa-mir-33a-3p,6925,23301,1,0.0025,0,0.0115,0.0185,0.2055,0.007
hsa-mir-192-5p,hsa-mir-215-5p,8202,4026,1,0,0,0.0095,0.2695,0.249,0.0095
hsa-mir-192-5p,hsa-mir-215-5p,8202,23224,1,0,0,0.0095,0.296,0.081,0
hsa-mir-192-5p,hsa-mir-199b-5p,4609,9967,1,0,0.0095,0.285,0.0665,0.639,0.0015
hsa-mir-200b-3p,hsa-mir-429,8202,4734,1,0.0025,0.0005,0,0.059,0.0615,0.0015
hsa-mir-200b-3p,hsa-mir-429,8202,11011,1,0.0025,0.0005,0,0.171,0.1085,0.0045
hsa-mir-194-3p,hsa-mir-7-5p,7376,9619,1,0.008,0,0.3095,0.8035,0.0125,0.002
hsa-mir-335-3p,hsa-mir-625-5p,4782,7980,1,0,0.0005,0.003,0.1655,0.0135,0.0055
hsa-mir-17-5p,hsa-mir-935,3091,7291,1,0,0.0015,0.123,0.0305,0.0145,0.005
hsa-mir-193b-3p,hsa-mir-203a-3p,7026,5179,1,0,0,0.0005,0.1425,0.3145,0.0035
hsa-mir-193b-3p,hsa-mir-203a-3p,7026,344,1,0,0,0.0005,0.5635,0.033,0.008
hsa-mir-183-5p,hsa-mir-96-5p,6935,1468,-1,0,0.001,0,0.0175,0.046,0.0085
hsa-mir-200b-3p,hsa-mir-625-3p,4601,7410,-1,0.0095,0,0.378,0.028,0.451,0.0095
